{"_runtime":2123.510531958,"weight_norm":281.23455810546875,"grad_norm":0.7727091312408447,"_wandb":{"runtime":2123},"lr":7.07122802440779e-05,"_step":9990,"val/perplexity":5.727644396328249,"_timestamp":1.7688602144570181e+09,"train/loss":1.7980105876922607,"val/loss":1.7453043460845947}