{"grad_norm":0.7233707308769226,"val/perplexity":15.005570048413329,"weight_norm":698.5725708007812,"_runtime":2120.602201958,"train/loss":2.643136978149414,"_timestamp":1.7687682516931899e+09,"_step":2490,"lr":0.00046480659978155803,"val/loss":2.708421468734741,"_wandb":{"runtime":2120}}