{"weight_norm":170.44638061523438,"_runtime":2032.433638417,"lr":8.88061539541649e-06,"grad_norm":1.403378963470459,"_step":2490,"_timestamp":1.768774395130167e+09,"val/perplexity":13.091629878216867,"_wandb":{"runtime":2032},"train/loss":2.59136962890625,"val/loss":2.5719730854034424}