{"grad_norm":0.4503720700740814,"lr":0.00010003699509475634,"val/loss":1.8821609020233154,"train/loss":1.7138428688049316,"_wandb":{"runtime":2071},"_runtime":2071.252704584,"_timestamp":1.7689105739249501e+09,"_step":2490,"weight_norm":238.71145629882812,"val/perplexity":6.567681655922252}