{"_wandb":{"runtime":7206},"_runtime":7206.424157541,"_timestamp":1.768855773729459e+09,"weight_norm":404.488525390625,"train/loss":1.8106166124343872,"lr":4.2044835387865206e-05,"grad_norm":2.171316623687744,"val/perplexity":7.288269487613711,"_step":79990,"val/loss":1.9862661361694336}