{"grad_norm":0.47965335845947266,"_wandb":{"runtime":2041},"weight_norm":236.8642578125,"_step":2490,"_runtime":2041.053907125,"train/loss":1.897684097290039,"lr":0.00010003699509475634,"_timestamp":1.7688643698195689e+09,"val/loss":1.820813536643982,"val/perplexity":6.176881525845143}