{"weight_norm":450.3205261230469,"train/loss":3.4032671451568604,"_step":310,"_timestamp":1.7688861275612109e+09,"val/perplexity":32.53561479070962,"lr":0.00016833881829433027,"_wandb":{"runtime":15678},"val/loss":3.482335329055786,"_runtime":15678.562048875,"grad_norm":0.22199375927448273}