{"weight_norm":163.88092041015625,"val/loss":2.820452928543091,"grad_norm":1.5730149745941162,"_runtime":2079.92873475,"val/perplexity":16.784451107769645,"_step":2490,"train/loss":2.8067216873168945,"_timestamp":1.7687703358142989e+09,"lr":4.9032126879818305e-06,"_wandb":{"runtime":2079}}