{"val/perplexity":8.93755728631736,"grad_norm":0.3104289472103119,"weight_norm":229.01068115234375,"train/loss":2.1431221961975098,"lr":0.00014163028226962072,"val/loss":2.1902623176574707,"_wandb":{"runtime":2099},"_runtime":2099.435229459,"_timestamp":1.768870477058663e+09,"_step":620}