{"grad_norm":0.50127112865448,"train/loss":1.863222360610962,"lr":8.786782930184295e-05,"weight_norm":228.6683807373047,"val/perplexity":6.353404417610737,"_runtime":1992.091244958,"_timestamp":1.768794396313706e+09,"val/loss":1.848990797996521,"_step":2490,"_wandb":{"runtime":1992}}