{"_wandb":{"runtime":5501},"val/loss":1.908197045326233,"_runtime":5501.274586375,"_timestamp":1.768811908924957e+09,"lr":0.0003334664874802219,"weight_norm":181.79698181152344,"grad_norm":0.4685315191745758,"val/perplexity":6.740924254875248,"train/loss":1.9085055589675903,"_step":1070}