{"val/perplexity":7.603500998965659,"_wandb":{"runtime":1994},"_runtime":1994.343548958,"train/loss":2.0042076110839844,"weight_norm":193.03041076660156,"_step":2490,"grad_norm":0.8173701763153076,"_timestamp":1.768782396661132e+09,"lr":3.440967241529227e-05,"val/loss":2.028608798980713}