{"val/perplexity":5.898074941783712,"_wandb":{"runtime":83},"_timestamp":1.768755561735029e+09,"lr":5.2277009105996896e-05,"_step":4070,"grad_norm":0.5861067175865173,"weight_norm":217.12863159179688,"val/loss":1.7746260166168213,"train/loss":1.7020127773284912,"_runtime":83.783414458}