{"_step":4990,"_timestamp":1.768754623268039e+09,"_runtime":4052.791893709,"grad_norm":0.5874472260475159,"weight_norm":217.37940979003906,"val/loss":1.6828536987304688,"lr":1.0005035495200319e-05,"val/perplexity":5.380889519643148,"_wandb":{"runtime":4052},"train/loss":1.729716420173645}