{"lr":0.000499275243816981,"_runtime":211.912966083,"weight_norm":161.4653778076172,"train/loss":3.0691847801208496,"_wandb":{"runtime":211},"val/loss":9.255911827087402,"_timestamp":1.768748687067911e+09,"_step":220,"grad_norm":0.8407772779464722,"val/perplexity":10466.257887042013}