{"val/loss":9.28510856628418,"_wandb":{"runtime":14},"_runtime":14.587632666,"train/loss":9.293839454650879,"val/perplexity":10776.343201603473,"grad_norm":2.2953193187713623,"_step":0,"lr":0,"_timestamp":1.768757798439043e+09,"weight_norm":152.1243438720703}