{"_step":0,"_wandb":{"runtime":25},"val/loss":9.255622863769531,"grad_norm":2.5437750816345215,"weight_norm":152.13429260253906,"val/perplexity":10463.233959360408,"_timestamp":1.768746552391886e+09,"train/loss":9.256765365600586,"lr":0,"_runtime":25.191349958}