{"train/loss":1.773453950881958,"_wandb":{"runtime":3966},"val/loss":1.8061332702636719,"_timestamp":1.7688048860478249e+09,"lr":5.001849754737817e-05,"_runtime":3966.040586125,"grad_norm":0.5490535497665405,"_step":2490,"val/perplexity":6.086865605100395,"weight_norm":191.27777099609375}