{"_runtime":2016.947009709,"val/perplexity":6.291885684069271,"val/loss":1.8392608165740967,"lr":0.00011074847007702141,"_timestamp":1.768764011601501e+09,"grad_norm":0.45896145701408386,"train/loss":1.9333425760269165,"_step":2490,"weight_norm":246.41041564941406,"_wandb":{"runtime":2016}}