{"lr":0.00046033158569850095,"val/loss":2.27412748336792,"grad_norm":0.6738469004631042,"train/loss":2.1941375732421875,"_runtime":857.095657792,"val/perplexity":9.719434943209938,"_wandb":{"runtime":857},"weight_norm":196.57644653320312,"_step":1000,"_timestamp":1.768749556245651e+09}