{"val/loss":9.265054702758789,"_step":0,"_wandb":{"runtime":2},"weight_norm":152.10157775878906,"lr":0,"train/loss":9.28303050994873,"_runtime":2.295702334,"grad_norm":2.350320816040039,"val/perplexity":10562.388366513536,"_timestamp":1.768757807072333e+09}