{"_wandb":{"runtime":2},"grad_norm":2.449368953704834,"lr":0,"val/loss":9.260220527648926,"weight_norm":152.10855102539062,"val/perplexity":10511.451150479386,"_runtime":2.318215042,"train/loss":9.255605697631836,"_step":0,"_timestamp":1.7687578127484648e+09}