{"lr":5.001849754737817e-05,"_wandb":{"runtime":1985},"val/loss":2.5304253101348877,"val/perplexity":12.558846405611284,"weight_norm":178.64219665527344,"_timestamp":1.768905240102365e+09,"_runtime":1985.69804275,"train/loss":2.4046847820281982,"grad_norm":1.3697710037231445,"_step":2490}