{"train/loss":2.719127655029297,"_step":2490,"_runtime":2014.582678708,"_wandb":{"runtime":2014},"_timestamp":1.768759999383067e+09,"grad_norm":1.668318271636963,"val/perplexity":16.13898608171272,"weight_norm":751.6939086914062,"val/loss":2.781237840652466,"lr":0.0005042553589118411}