{"val/loss":2.3223931789398193,"grad_norm":1.239790916442871,"_timestamp":1.768778398103841e+09,"_wandb":{"runtime":1992},"val/perplexity":10.200055678377822,"train/loss":2.4690680503845215,"_step":2490,"weight_norm":178.09373474121094,"lr":1.4671542338373855e-05,"_runtime":1992.811454209}