{"train/loss":2.716830253601074,"_step":2490,"_timestamp":1.768772355164364e+09,"_wandb":{"runtime":2013},"_runtime":2013.666695417,"val/perplexity":15.691497291365177,"grad_norm":1.3175370693206787,"lr":5.864424653666398e-06,"weight_norm":165.63665771484375,"val/loss":2.7531189918518066}