{"train/loss":9.290617942810059,"lr":0,"grad_norm":2.4587948322296143,"weight_norm":152.12515258789062,"_timestamp":1.768746724136925e+09,"_wandb":{"runtime":6},"_runtime":6.454713625,"_step":0}