{"val/perplexity":10404.248199258565,"train/loss":9.256803512573242,"weight_norm":152.09410095214844,"val/loss":9.249969482421875,"_timestamp":1.7687473770964649e+09,"lr":0,"grad_norm":2.5279018878936768,"_step":0,"_runtime":11.560286416,"_wandb":{"runtime":11}}