{"val/perplexity":20.463697018008194,"train/loss":2.910804271697998,"_wandb":{"runtime":1992},"_runtime":1992.989211584,"_timestamp":1.7687883998158379e+09,"weight_norm":1064.0140380859375,"lr":0.0007328416144889841,"_step":2490,"grad_norm":1.2939897775650024,"val/loss":3.0186524391174316}