{"lr":0.00010003699509475634,"_timestamp":1.768903252209441e+09,"val/loss":2.2726969718933105,"_wandb":{"runtime":1981},"grad_norm":0.8154745101928711,"_runtime":1981.120500084,"val/perplexity":9.705541120003037,"train/loss":2.170060157775879,"_step":2490,"weight_norm":226.25253295898438}