{"grad_norm":0.6452892422676086,"_timestamp":1.76880092045776e+09,"weight_norm":204.23593139648438,"_runtime":1988.43735875,"_step":2490,"lr":5.001849754737817e-05,"train/loss":1.977741003036499,"_wandb":{"runtime":1988},"val/perplexity":6.947775990632603,"val/loss":1.938421607017517}