{"_step":2490,"val/perplexity":9.518615492952758,"lr":2.0870848872447234e-05,"weight_norm":183.52000427246094,"train/loss":2.35172700881958,"_wandb":{"runtime":1992},"_runtime":1992.319199,"grad_norm":1.0349997282028198,"val/loss":2.253249406814575,"_timestamp":1.768790399818178e+09}