{"weight_norm":255.0206298828125,"val/perplexity":6.432265530154381,"lr":8.409741886593611e-05,"train/loss":1.7742455005645752,"val/loss":1.861326813697815,"_step":4990,"_runtime":2100.191710708,"grad_norm":0.6102104187011719,"_timestamp":1.768862326403896e+09,"_wandb":{"runtime":2100}}