{"_wandb":{"runtime":23},"val/perplexity":10001.012225019378,"_timestamp":1.768865814857995e+09,"weight_norm":136.3596649169922,"train/loss":6.77066707611084,"val/loss":9.210441589355469,"_runtime":23.976836166,"grad_norm":13.39437484741211,"lr":0.0004,"_step":20}