{"_runtime":30691.865215584,"_wandb":{"runtime":30691},"train/loss":1.62211012840271,"_timestamp":1.76890118908621e+09,"grad_norm":0.6814641952514648,"val/loss":1.4941880702972412,"weight_norm":503.2197570800781,"val/perplexity":4.4557173545121085,"_step":43830,"lr":0.000634873201299574}