{"train/loss":3.651365280151367,"_timestamp":1.7687619888156428e+09,"_step":2490,"grad_norm":1.1371458768844604,"val/perplexity":38.081443476716146,"_runtime":1984.698401083,"_wandb":{"runtime":1984},"lr":1.5785680470376869e-06,"weight_norm":155.5668182373047,"val/loss":3.6397271156311035}