{"grad_norm":1.1677287817001343,"val/perplexity":6.228720548627659,"_step":19990,"train/loss":2.2320215702056885,"lr":5.9460689179254135e-05,"val/loss":1.8291709423065186,"weight_norm":309.3387145996094,"_runtime":2299.444217833,"_timestamp":1.768858078693063e+09,"_wandb":{"runtime":2299}}