{"_wandb":{"runtime":5},"_runtime":5.991426917,"_timestamp":1.768907111559208e+09,"_step":33000,"train/loss":1.7311882972717285,"lr":0.0006655122317637214,"grad_norm":0.6040945053100586,"weight_norm":466.5783996582031}