{"lr":8.026972479982522e-06,"_step":2490,"train/loss":2.558048725128174,"_runtime":2100.290542875,"val/loss":2.670813798904419,"val/perplexity":14.451725206778672,"_timestamp":1.768766118587132e+09,"_wandb":{"runtime":2100},"weight_norm":169.3717041015625,"grad_norm":1.4010100364685059}