{"_step":2490,"_wandb":{"runtime":530},"_runtime":530.442398708,"train/loss":2.5493321418762207,"_timestamp":1.768798932370765e+09,"grad_norm":1.0854711532592773,"lr":5.001849754737817e-05,"val/perplexity":10.899749685027656,"val/loss":2.388739824295044,"weight_norm":241.29791259765625}