{"val/perplexity":13.421988087780887,"_step":1490,"weight_norm":189.3388214111328,"_wandb":{"runtime":339},"val/loss":2.5968942642211914,"_timestamp":1.768907653869743e+09,"train/loss":2.5742881298065186,"grad_norm":0.9437538981437683,"_runtime":339.612058375,"lr":7.07833415774106e-05}