{"_runtime":1999.531034334,"grad_norm":1.4373972415924072,"train/loss":3.055764675140381,"val/loss":3.0748648643493652,"lr":3.369427379594203e-06,"weight_norm":160.42742919921875,"val/perplexity":21.64695643830609,"_step":2490,"_wandb":{"runtime":1999},"_timestamp":1.768776399155974e+09}