{"_runtime":39.607212334,"lr":0.00040838373716997953,"val/loss":NaN,"_timestamp":1.768847768707443e+09,"train/loss":NaN,"weight_norm":NaN,"val/perplexity":NaN,"_wandb":{"runtime":39},"grad_norm":NaN,"_step":330}