{"lr":0.0001823476851513542,"grad_norm":0.3545193076133728,"val/loss":1.9112522602081299,"_step":2490,"train/loss":1.9648125171661377,"_wandb":{"runtime":1993},"val/perplexity":6.76155072007367,"_timestamp":1.76878439650842e+09,"weight_norm":321.0125732421875,"_runtime":1993.620796042}