{"_runtime":1993.3493185,"lr":7.814376349673427e-06,"grad_norm":1.3894790410995483,"val/perplexity":13.786398620624627,"_wandb":{"runtime":1993},"val/loss":2.6236824989318848,"_step":2490,"weight_norm":169.09854125976562,"train/loss":2.6784262657165527,"_timestamp":1.7687803962331898e+09}