{"grad_norm":0.7399474382400513,"lr":0.00031929832058555965,"_step":2490,"val/loss":2.4478681087493896,"train/loss":2.390162944793701,"_runtime":1992.743187166,"_timestamp":1.768798392021995e+09,"val/perplexity":11.563667939827578,"weight_norm":497.8331298828125,"_wandb":{"runtime":1992}}