{"weight_norm":189.5903778076172,"_timestamp":1.7689079798429031e+09,"val/loss":2.4560179710388184,"_step":1490,"_runtime":323.849024792,"lr":7.07833415774106e-05,"train/loss":2.5090956687927246,"_wandb":{"runtime":323},"grad_norm":0.912283718585968,"val/perplexity":11.658295317381825}