{"_wandb":{"runtime":1992},"_runtime":1992.1033705,"_timestamp":1.768786401612944e+09,"grad_norm":0.20298629999160767,"weight_norm":3770.501220703125,"_step":2490,"lr":0.00431213549020895,"val/perplexity":47.91171133732747,"val/loss":3.8693599700927734,"train/loss":3.7502317428588867}