{"weight_norm":154.42347717285156,"lr":1.160301704861774e-06,"train/loss":3.8609025478363037,"_runtime":1992.139795,"_step":2490,"_wandb":{"runtime":1992},"val/loss":3.8438210487365723,"_timestamp":1.76879239721021e+09,"grad_norm":1.0925379991531372,"val/perplexity":46.703590623711456}