{"weight_norm":NaN,"val/perplexity":NaN,"_timestamp":1.768848560240103e+09,"_step":7400,"train/loss":NaN,"_wandb":{"runtime":695},"grad_norm":NaN,"val/loss":NaN,"lr":0.0004127078105113629,"_runtime":695.483266958}