{"train/loss":2.1495630741119385,"val/perplexity":7.635728458821381,"val/loss":2.0328383445739746,"grad_norm":0.5504163503646851,"lr":0.00010003699509475634,"weight_norm":242.44998168945312,"_timestamp":1.768907097093524e+09,"_step":2490,"_runtime":1854.297104917,"_wandb":{"runtime":1854}}