{"_runtime":1991.051184791,"lr":3.157975779918342e-06,"weight_norm":159.9290008544922,"_timestamp":1.768796393375144e+09,"train/loss":3.140498638153076,"_wandb":{"runtime":1991},"grad_norm":1.544045090675354,"_step":2490,"val/perplexity":22.719764436274726,"val/loss":3.1232352256774902}