{"_runtime":11.458459625,"lr":0,"grad_norm":2.9141149520874023,"train/loss":9.239747047424316,"weight_norm":152.11459350585938,"_step":0,"_wandb":{"runtime":11},"val/loss":9.261530876159668,"_timestamp":1.768757828278264e+09,"val/perplexity":10525.233842933334}