{"_wandb":{"runtime":2032},"lr":0.00010003699509475634,"_runtime":2032.371699834,"weight_norm":237.0667724609375,"val/loss":1.843701958656311,"train/loss":1.8129425048828125,"grad_norm":0.461251825094223,"_step":2490,"_timestamp":1.7689126087712362e+09,"val/perplexity":6.319890984084722}