{"_step":1240,"val/loss":1.9804246425628662,"weight_norm":226.0133819580078,"val/perplexity":7.245819215207292,"_timestamp":1.7688683723603709e+09,"_wandb":{"runtime":2003},"_runtime":2003.950836708,"grad_norm":0.37543803453445435,"train/loss":1.8062461614608765,"lr":0.00011909668358614364}